"fdcId","description","dataType","calories","protein","fat","carbs"
"167512","Pillsbury Golden Layer Buttermilk Biscuits, Artificial Flavor, refrigerated dough","SR Legacy","307","5.88","13.2","41.2"
"167513","Pillsbury, Cinnamon Rolls with Icing, refrigerated dough","SR Legacy","330","4.34","11.3","53.4"
"167514","Kraft Foods, Shake N Bake Original Recipe, Coating for Pork, dry","SR Legacy","377","6.1","3.7","79.8"
"167515","George Weston Bakeries, Thomas English Muffins","SR Legacy","232","8","1.8","46"
"167516","Waffles, buttermilk, frozen, ready-to-heat","SR Legacy","273","6.58","9.22","41"
"167517","Waffle, buttermilk, frozen, ready-to-heat, toasted","SR Legacy","309","7.42","9.49","48.4"
"167518","Waffle, buttermilk, frozen, ready-to-heat, microwaved","SR Legacy","289","6.92","9.4","44.2"
"167519","Waffle, plain, frozen, ready-to-heat, microwave","SR Legacy","298","6.71","9.91","45.4"
"167520","Pie Crust, Cookie-type, Graham Cracker, Ready Crust","SR Legacy","501","5.1","24.8","64.3"
"167521","Pie Crust, Cookie-type, Chocolate, Ready Crust","SR Legacy","484","6.08","22.4","64.5"
"167522","Pie, Dutch Apple, Commercially Prepared","SR Legacy","290","2.17","11.5","44.5"
"167523","Pie crust, deep dish, frozen, unbaked, made with enriched flour","SR Legacy","468","5.52","28.7","46.8"
"167524","Waffles, chocolate chip, frozen, ready-to-heat","SR Legacy","297","5.8","10.1","45.7"
"167525","Tostada shells, corn","SR Legacy","474","6.15","23.4","64.4"
"167526","Bread, salvadoran sweet cheese (quesadilla salvadorena)","SR Legacy","374","7.12","17.1","47.8"
"167527","Bread, pound cake type, pan de torta salvadoran","SR Legacy","390","7.06","17.4","51.3"
"167528","Pastry, Pastelitos de Guava (guava pastries)","SR Legacy","379","5.48","18.5","47.8"
"167529","Crackers, snack, Goya Crackers","SR Legacy","433","14.2","13.4","64.4"
"167530","Crackers, cream, Gamesa Sabrosas","SR Legacy","484","7.01","20.4","64.6"
"167531","Crackers, cream, La Moderna Rikis Cream Crackers","SR Legacy","464","7.19","19.5","64.9"
"167532","Bread, white wheat","SR Legacy","238","10.7","2.15","43.9"
"167533","Bagels, wheat","SR Legacy","250","10.2","1.53","48.9"
"167534","Cream puff, eclair, custard or cream filled, iced","SR Legacy","334","4.41","18.5","37.4"
"167535","Tortillas, ready-to-bake or -fry, flour, shelf stable","SR Legacy","297","8.01","7.58","49.3"
"167536","Snacks, beef jerky, chopped and formed","SR Legacy","410","33.2","25.6","11"
"167537","Snacks, corn-based, extruded, chips, plain","SR Legacy","539","6.17","33.4","57.3"
"167538","Snacks, corn-based, extruded, chips, barbecue-flavor","SR Legacy","523","7","32.7","56.2"
"167539","Snacks, corn-based, extruded, cones, plain","SR Legacy","510","5.8","26.9","62.9"
"167540","Snacks, fruit leather, pieces","SR Legacy","359","1","2.68","82.8"
"167541","Snacks, fruit leather, rolls","SR Legacy","371","0.1","3","85.8"
"167542","Snacks, granola bars, hard, plain","SR Legacy","471","10.1","19.8","64.4"
"167543","Snacks, granola bars, hard, almond","SR Legacy","495","7.7","25.5","62"
"167544","Snacks, granola bars, soft, uncoated, raisin","SR Legacy","448","7.6","17.8","66.4"
"167545","Snacks, granola bars, soft, coated, milk chocolate coating, chocolate chip","SR Legacy","466","5.8","24.9","63.8"
"167546","Candies, honey-combed, with peanut butter","SR Legacy","473","8.72","20.2","67.4"
"167547","Snacks, granola bars, soft, coated, milk chocolate coating, peanut butter","SR Legacy","508","10.2","31.1","53.4"
"167548","Snacks, granola bars, soft, uncoated, peanut butter and chocolate chip","SR Legacy","432","9.8","20","62.2"
"167549","Snacks, popcorn, oil-popped, microwave, regular flavor, no trans fat","SR Legacy","583","7.29","43.6","45.1"
"167550","Snacks, popcorn, cakes","SR Legacy","384","9.7","3.1","80.1"
"167551","Snacks, popcorn, caramel-coated, with peanuts","SR Legacy","400","6.4","7.8","80.7"
"167552","Snacks, popcorn, caramel-coated, without peanuts","SR Legacy","431","3.8","12.8","79.1"
"167553","Snacks, potato chips, made from dried potatoes, reduced fat","SR Legacy","502","4.56","26.1","64.8"
"167554","Snacks, potato chips, made from dried potatoes, sour-cream and onion-flavor","SR Legacy","547","6.6","37","51.3"
"167555","Snacks, pretzels, hard, plain, salted","SR Legacy","384","10","2.93","80.4"
"167556","Snacks, pretzels, hard, confectioner's coating, chocolate-flavor","SR Legacy","457","7.5","16.7","70.9"
"167557","Snacks, rice cakes, brown rice, sesame seed","SR Legacy","392","7.6","3.8","81.5"
"167558","Snacks, tortilla chips, plain, white corn, salted","SR Legacy","472","7.1","20.7","67.8"
"167559","Snacks, tortilla chips, nacho cheese","SR Legacy","519","7.36","27.4","60.8"
"167560","Snacks, tortilla chips, ranch-flavor","SR Legacy","501","7.19","24.6","62.7"
"167561","Snacks, trail mix, regular","SR Legacy","462","13.8","29.4","44.9"
"167562","Candies, ALMOND JOY Candy Bar","SR Legacy","479","4.13","26.9","59.5"
"167563","Candies, TWIZZLERS CHERRY BITES","SR Legacy","338","2.97","1.7","79.4"
"167564","Candies, NESTLE, BIT-O'-HONEY Candy Chews","SR Legacy","388","2","7.5","80.9"
"167565","Candies, NESTLE, BUTTERFINGER Bar","SR Legacy","459","5.4","18.9","72.9"
"167566","Candies, caramels, chocolate-flavor roll","SR Legacy","387","1.59","3.31","87.7"
"167567","Baking chocolate, unsweetened, liquid","SR Legacy","472","12.1","47.7","36.2"
"167568","Baking chocolate, unsweetened, squares","SR Legacy","642","14.3","52.3","28.4"
"167569","Candies, confectioner's coating, yogurt","SR Legacy","522","5.87","27","63.9"
"167570","Candies, confectioner's coating, peanut butter","SR Legacy","529","18.3","29.8","46.9"
"167571","Candies, white chocolate","SR Legacy","539","5.87","32.1","59.2"
"167572","Ice creams, vanilla, light","SR Legacy","180","4.78","4.83","29.5"
"167573","Ice creams, vanilla, rich","SR Legacy","249","3.5","16.2","22.3"
"167574","Desserts, flan, caramel custard, prepared-from-recipe","SR Legacy","145","4.53","4.03","22.8"
"167575","Ice creams, vanilla","SR Legacy","207","3.5","11","23.6"
"167576","Ice creams, vanilla, light, soft-serve","SR Legacy","126","4.9","2.6","21.8"
"167577","Sherbet, orange","SR Legacy","144","1.1","2","30.4"
"167578","Candies, fudge, peanut butter, prepared-from-recipe","SR Legacy","387","3.78","6.59","77.8"
"167579","Candies, fudge, vanilla, prepared-from-recipe","SR Legacy","383","1.05","5.45","82.2"
"167580","Candies, fudge, vanilla with nuts","SR Legacy","435","3","13.7","74.6"
"167581","Candies, NESTLE, GOOBERS Chocolate Covered Peanuts","SR Legacy","512","9.7","34","53"
"167582","Candies, NESTLE, BABY RUTH Bar","SR Legacy","475","5.4","21.6","64.8"
"167583","Candies, TWIZZLERS Strawberry Twists Candy","SR Legacy","348","2.56","2.32","79.2"
"167584","Syrups, table blends, pancake, with butter","SR Legacy","291","0","0.09","72.4"
"167585","Ice creams, chocolate, light","SR Legacy","187","5","7.19","25.7"
"167586","Candies, NESTLE, CHUNKY Bar","SR Legacy","519","7.5","27.5","60.4"
"167587","Candies, milk chocolate","SR Legacy","535","7.65","29.7","59.4"
"167588","Puddings, banana, dry mix, instant, prepared with 2% milk","SR Legacy","105","2.76","1.7","19.7"
"167589","Puddings, banana, dry mix, regular, prepared with 2% milk","SR Legacy","101","2.9","1.73","18.4"
"167590","Andrea's, Gluten Free Soft Dinner Roll","SR Legacy","257","5.65","8.2","40.2"
"167591","Crunchmaster, Multi-Grain Crisps, Snack Crackers, Gluten-Free","SR Legacy","456","10.9","15.9","67.2"
"167592","Glutino, Gluten Free Cookies, Chocolate Vanilla Creme","SR Legacy","474","2.19","17.9","76"
"167593","Glutino, Gluten Free Cookies, Vanilla Creme","SR Legacy","487","2.19","18.8","77.3"
"167594","Pepperidge Farm, Goldfish, Baked Snack Crackers, Original","SR Legacy","467","9.42","18.4","65.8"
"167595","Pepperidge Farm, Goldfish, Baked Snack Crackers, Parmesan","SR Legacy","459","11.2","17.3","64.7"
"167596","Pepperidge Farm, Goldfish, Baked Snack Crackers, Pizza","SR Legacy","469","9.67","18.9","65.1"
"167597","Rudi's, Gluten-Free Bakery, Original Sandwich Bread","SR Legacy","320","3.13","10.7","52.8"
"167598","Udi's, Gluten Free, Soft & Delicious White Sandwich Bread","SR Legacy","298","5.4","8.02","51.2"
"167599","Udi's, Gluten Free, Soft & Hearty Whole Grain Bread","SR Legacy","309","7.25","9.34","49.1"
"167600","Udi's, Gluten Free, Whole Grain Dinner Rolls","SR Legacy","329","11.8","11.6","44.3"
"167601","Van's, Gluten Free, Totally Original Pancakes","SR Legacy","215","3.31","4.55","40.3"
"167602","Seaweed, Canadian Cultivated EMI-TSUNOMATA, dry","SR Legacy","259","15.3","1.39","46.2"
"167603","Seaweed, Canadian Cultivated EMI-TSUNOMATA, rehydrated","SR Legacy","31","1.86","0.17","5.62"
"167604","Potatoes, hash brown, refrigerated, unprepared","SR Legacy","84","1.75","0.08","19.2"
"167605","Potatoes, hash brown, refrigerated, prepared, pan-fried in canola oil","SR Legacy","242","3.24","10.3","34"
"167606","Sweet Potatoes, french fried, frozen as packaged, salt added in processing","SR Legacy","182","2.16","8.92","35.6"
"167607","Moose, meat, raw (Alaska Native)","SR Legacy","103","22.3","1.5","0"
"167608","Mashu roots, raw (Alaska Native)","SR Legacy","135","5.8","2.4","22.6"
"167609","Moose, liver, braised (Alaska Native)","SR Legacy","155","24.4","4.89","3.43"
"167610","Seal, bearded (Oogruk), meat, raw (Alaska Native)","SR Legacy","110","26.7","0.4","0"
"167611","Oil, bearded seal (Oogruk) (Alaska Native)","SR Legacy","899","0.56","99.6","0"
"167612","Oopah (tunicate), whole animal (Alaska Native)","SR Legacy","67","11.7","2.2","0"
"167613","Owl, horned, flesh, raw (Alaska Native)","SR Legacy","136","22.7","5","0"
"167614","Fish, salmon, king, chinook, smoked and canned (Alaska Native)","SR Legacy","150","23.2","5.9","0"
"167615","Fish, salmon, king, chinook, smoked, brined (Alaska Native)","SR Legacy","430","39.9","30","0"
"167616","Fish, salmon, king, chinook, liver (Alaska Native)","SR Legacy","156","16.6","8","4.3"
"167617","Duck, scoter, white-winged, meat (Alaska Native)","SR Legacy","84","20.2","0.4","0"
"167618","Sea cucumber, yane (Alaska Native)","SR Legacy","56","13","0.4","0"
"167619","Squirrel, ground, meat (Alaska Native)","SR Legacy","111","19.3","3.8","0"
"167620","Tea, tundra, herb and laborador combination (Alaska Native)","SR Legacy","1","0","0","0.2"
"167621","Walrus, meat, dried (Alaska Native)","SR Legacy","251","57","2.6","0"
"167622","Deer (venison), sitka, raw (Alaska Native)","SR Legacy","116","21.5","2.66","0"
"167623","Whale, bowhead, subcutaneous fat (blubber) (Alaska Native)","SR Legacy","870","0.4","96.5","0"
"167624","Whale, bowhead, skin and subcutaneous fat (muktuk) (Alaska Native)","SR Legacy","465","12.6","46.1","0"
"167625","Oil, whale, bowhead (Alaska Native)","SR Legacy","900","0","100","0"
"167626","Fish, whitefish, broad, liver (Alaska Native)","SR Legacy","104","11","4.4","5.1"
"167627","Mush, blue corn with ash (Navajo)","SR Legacy","54","0.66","0.49","11.7"
"167628","Cornmeal, blue (Navajo)","SR Legacy","398","10.4","5.44","76.9"
"167629","Melon, banana (Navajo)","SR Legacy","21","0.84","0.2","4.06"
"167630","Chilchen (Red Berry Beverage) (Navajo)","SR Legacy","44","0.81","0.63","8.68"
"167631","Corn, dried (Navajo)","SR Legacy","386","9.88","5.22","74.9"
"167632","Squash, Indian, cooked, boiled (Navajo)","SR Legacy","16","0.31","0.15","3.22"
"167633","Bread, kneel down (Navajo)","SR Legacy","195","4.29","2.21","39.5"
"167634","Mutton, cooked, roasted (Navajo)","SR Legacy","234","33.4","11.1","0.08"
"167635","Frybread, made with lard (Navajo)","SR Legacy","330","6.69","12.2","48.3"
"167636","Tamales (Navajo)","SR Legacy","153","6.28","6.12","18.1"
"167637","Stew, steamed corn (Navajo)","SR Legacy","112","8.82","3.75","10.8"
"167638","Fish, halibut, raw, with skin (Alaska Native)","SR Legacy","116","20.5","2.92","1.81"
"167639","Fish, salmon, coho (silver), raw (Alaska Native)","SR Legacy","140","22.6","5.57","0"
"167640","Blueberries, wild, raw (Alaska Native)","SR Legacy","61","1.22","0.76","12.3"
"167641","Oil, spotted seal (Alaska Native)","SR Legacy","894","0","99.3","0"
"167642","Fish, salmon, red, canned, bones removed (Alaska Native)","SR Legacy","161","27.3","5.76","0"
"167643","Fish, whitefish, eggs (Alaska Native)","SR Legacy","104","14.7","2.88","4.89"
"167644","Caribou, rump meat, half dried (Alaska Native)","SR Legacy","255","52.1","5.23","0"
"167645","Fish, salmon, red, (sockeye), canned, smoked (Alaska Native)","SR Legacy","206","35.2","7.26","0"
"167646","Fish, salmon, red, (sockeye), kippered (Alaska Native)","SR Legacy","141","24.5","4.75","0"
"167647","Fish, salmon, king, with skin, kippered, (Alaska Native)","SR Legacy","209","23.2","13","0"
"167648","Fish, sheefish, raw (Alaska Native)","SR Legacy","115","22.2","2.84","0"
"167649","Buffalo, free range, top round steak, raw (Shoshone Bannock)","SR Legacy","97","21.4","1.3","0"
"167650","Seal, bearded (Oogruk), meat, partially dried (Alaska Native)","SR Legacy","270","62.4","2.31","0"
"167651","Buffalo, free range, top round steak, cooked (Shoshone Bannock)","SR Legacy","146","32.5","1.8","0"
"167652","Elk, free range, roast, eye of round, raw (Shoshone Bannock)","SR Legacy","98","19.7","2.1","0"
"167653","Corn, dried, yellow (Northern Plains Indians)","SR Legacy","419","14.5","10.6","66.3"
"167654","Smelt, dried (Alaska Native)","SR Legacy","386","56.2","17.9","0"
"167655","Frybread, made with lard (Apache)","SR Legacy","309","8.38","10.1","46"
"167656","Corned beef and potatoes in tortilla (Apache)","SR Legacy","224","7.91","8.31","29.4"
"167657","ON THE BORDER, soft taco with ground beef, cheese and lettuce","SR Legacy","229","13.2","11","19.3"
"167658","Restaurant, Mexican, soft taco with ground beef, cheese and lettuce","SR Legacy","219","12.6","10.8","17.9"
"167659","Restaurant, Latino, chicken and rice, entree, prepared","SR Legacy","174","12","5.06","20"
"167660","Restaurant, Latino, empanadas, beef, prepared","SR Legacy","335","11.3","18.4","31.2"
"167661","Restaurant, Latino, pupusas con frijoles (pupusas, bean)","SR Legacy","229","5.59","9.01","31.5"
"167662","Restaurant, Latino, pupusas con queso (pupusas, cheese)","SR Legacy","256","11.7","13.2","22.4"
"167663","Restaurant, Latino, pupusas del cerdo (pupusas, pork)","SR Legacy","232","11.5","10.4","23"
"167664","Restaurant, Latino, tamale, corn","SR Legacy","186","3.48","7.21","26.7"
"167665","Restaurant, Mexican, spanish rice","SR Legacy","185","3.28","5.29","31.2"
"167666","Restaurant, Mexican, refried beans","SR Legacy","156","6.91","6.77","16.8"
"167667","Restaurant, Chinese, egg rolls, assorted","SR Legacy","250","8.28","11.9","27.3"
"167668","Restaurant, Chinese, fried rice, without meat","SR Legacy","174","4.05","2.96","32.8"
"167669","CRACKER BARREL, steak fries","SR Legacy","255","3.26","13.2","30.9"
"167670","CRACKER BARREL, grilled sirloin steak","SR Legacy","203","31.5","8.52","0"
"167671","CRACKER BARREL, macaroni n' cheese plate, from kid's menu","SR Legacy","192","6.46","11.5","15.6"
"167672","DENNY'S, french fries","SR Legacy","282","3.41","14.1","35.2"
"167673","DENNY'S, top sirloin steak","SR Legacy","182","28.9","7.34","0.14"
"167674","Restaurant, Chinese, lemon chicken","SR Legacy","252","11.9","13.6","20.6"
"167675","Restaurant, Chinese, general tso's chicken","SR Legacy","295","12.9","16.4","24"
"167676","Restaurant, Chinese, kung pao chicken","SR Legacy","129","9.76","6.98","6.87"
"167677","Restaurant, Chinese, vegetable lo mein, without meat","SR Legacy","121","4.77","2.35","20.2"
"167678","Restaurant, Chinese, chicken and vegetables","SR Legacy","95","8.18","4.56","5.38"
"167679","Restaurant, Chinese, orange chicken","SR Legacy","262","14.5","12.7","22.5"
"167680","Restaurant, Italian, spaghetti with meat sauce","SR Legacy","121","5.79","3.59","16.4"
"167681","Beverages, fruit-flavored drink, dry powdered mix, low calorie, with aspartame","SR Legacy","218","0.45","0.04","87.4"
"167682","Pectin, liquid","SR Legacy","11","0","0","2.1"
"167683","Frozen novelties, ice cream type, vanilla ice cream, light, no sugar added, chocolate coated","SR Legacy","221","6.4","10.1","26.1"
"167684","Creamy dressing, made with sour cream and/or buttermilk and oil, reduced calorie","SR Legacy","160","1.5","14","7"
"167685","Bologna, beef and pork, low fat","SR Legacy","230","11.5","19.3","2.6"
"167686","Milk dessert, frozen, milk-fat free, chocolate","SR Legacy","167","4.3","1","37.7"
"167687","Whipped topping, frozen, low fat","SR Legacy","224","3","13.1","23.6"
"167688","Cream substitute, powdered, light","SR Legacy","431","1.9","15.7","73.4"
"167689","Candies, MARS SNACKFOOD US, M&M's Peanut Butter Chocolate Candies","SR Legacy","529","10.2","29.3","56.9"
"167690","Babyfood, apple yogurt dessert, strained","SR Legacy","93","0.8","1.6","19.5"
"167691","Vegetable oil-butter spread, reduced calorie","SR Legacy","465","0","53","0"
"167692","Salad dressing, blue or roquefort cheese dressing, light","SR Legacy","86","2.1","2.7","13.2"
"167693","Salad dressing, french dressing, reduced calorie","SR Legacy","227","0.4","13","27"
"167694","Sausage, turkey and pork, fresh, bulk, patty or link, cooked","SR Legacy","307","22.7","23","0.7"
"167695","Mayonnaise, made with tofu","SR Legacy","322","5.95","31.8","3.06"
"167696","Frankfurter, beef, low fat","SR Legacy","140","12","9.5","1.6"
"167697","Milk, buttermilk, fluid, cultured, reduced fat","SR Legacy","56","4.1","2","5.3"
"167698","Pork sausage rice links, brown and serve, cooked","SR Legacy","407","13.7","37.6","2.36"
"167699","Salad dressing, blue or roquefort cheese dressing, fat-free","SR Legacy","115","1.52","1.01","25.6"
"167700","Salad Dressing, mayonnaise-like, fat-free","SR Legacy","84","0.2","2.7","15.5"
"167701","Candies, MARS SNACKFOOD US, MILKY WAY Midnight Bar","SR Legacy","443","3.2","17.5","71.2"
"167702","Oil, flaxseed, cold pressed","SR Legacy","884","0.11","100","0"
"167703","Cheese, cottage, lowfat, 1% milkfat, lactose reduced","SR Legacy","74","12.4","1","3.2"
"167704","Salad dressing, bacon and tomato","SR Legacy","326","1.8","35","2"
"167705","Cheese, parmesan, low sodium","SR Legacy","451","41.6","30","3.7"
"167706","Jams, preserves, marmalade, reduced sugar","SR Legacy","151","0","0.1","37.6"
"167707","Beverages, fruit-flavored drink, powder, with high vitamin C with other added vitamins, low calorie","SR Legacy","227","0.25","0.16","91"
"167708","Tomato and vegetable juice, low sodium","SR Legacy","22","0.6","0.1","4.59"
"167709","Turkey, wing, smoked, cooked, with skin, bone removed","SR Legacy","221","27.4","12.4","0"
"167710","Turkey, drumstick, smoked, cooked, with skin, bone removed","SR Legacy","200","27.9","9.8","0"
"167711","Beverages, Chocolate-flavored drink, whey and milk based","SR Legacy","49","0.64","0.4","10.7"
"167712","Pork, cured, bacon, cooked, broiled, pan-fried or roasted, reduced sodium","SR Legacy","541","37","41.8","1.43"
"167713","Turkey, light or dark meat, smoked, cooked, skin and bone removed","SR Legacy","162","29.3","5","0"
"167714","Hearts of palm, raw","SR Legacy","115","2.7","0.2","25.6"
"167715","Cereals ready-to-eat, POST, Shredded Wheat n' Bran, spoon-size","SR Legacy","339","10.9","2.06","80.6"
"167716","Cheese, cottage, lowfat, 1% milkfat, with vegetables","SR Legacy","67","10.9","1","3"
"167717","Yeast extract spread","SR Legacy","185","23.9","0.9","20.4"
"167718","Babyfood, juice, pear","SR Legacy","43","0","0","11.9"
"167719","Chicken, meatless, breaded, fried","SR Legacy","234","21.3","12.8","8.51"
"167720","Babyfood, meat, beef with vegetables, toddler","SR Legacy","69","3.5","2.1","8.72"
"167721","Frozen novelties, juice type, juice with cream","SR Legacy","115","1.41","1.41","24.1"
"167722","Tofu yogurt","SR Legacy","94","3.5","1.8","16"
"167723","Alcoholic beverage, rice (sake)","SR Legacy","134","0.5","0","5"
"167724","Millet, puffed","SR Legacy","354","13","3.4","80"
"167725","Cereals ready-to-eat, OAT BRAN FLAKES, HEALTH VALLEY","SR Legacy","380","10","3","78"
"167726","Babyfood, mixed fruit yogurt, strained","SR Legacy","75","0.8","0.8","16.2"
"167727","Beverages, ABBOTT, ENSURE PLUS, ready-to-drink","SR Legacy","141","5.16","4.52","19.9"
"167728","Babyfood, rice and apples, dry","SR Legacy","396","6.7","2.4","86.9"
"167729","Babyfood, juice, apple - cherry","SR Legacy","47","0.2","0.1","11.2"
"167730","Milk, imitation, non-soy","SR Legacy","46","1.6","2","5.3"
"167731","Babyfood, cereal, rice with pears and apple, dry, instant fortified","SR Legacy","389","6.6","0.9","88.5"
"167732","Babyfood, banana no tapioca, strained","SR Legacy","91","1","0.2","21.3"
"167733","Babyfood, banana apple dessert, strained","SR Legacy","68","0.3","0.2","16.3"
"167734","Breakfast bar, corn flake crust with fruit","SR Legacy","376","4.4","7.5","72.8"
"167735","Cheese, mozzarella, low sodium","SR Legacy","280","27.5","17.1","3.1"
"167736","Mayonnaise dressing, no cholesterol","SR Legacy","688","0","77.8","0.3"
"167737","Oil, corn, peanut, and olive","SR Legacy","884","0","100","0"
"167738","Pie fillings, blueberry, canned","SR Legacy","181","0.41","0.2","44.4"
"167739","Beverages, Cocktail mix, non-alcoholic, concentrated, frozen","SR Legacy","287","0.08","0.01","71.6"
"167740","Puddings, chocolate flavor, low calorie, regular, dry mix","SR Legacy","365","10.1","3","74.4"
"167741","Puddings, all flavors except chocolate, low calorie, regular, dry mix","SR Legacy","351","1.6","0.1","86"
"167742","Mollusks, scallop, (bay and sea), cooked, steamed","SR Legacy","111","20.5","0.84","5.41"
"167743","Syrup, Cane","SR Legacy","269","0","0","73.1"
"167744","Mollusks, snail, raw","SR Legacy","90","16.1","1.4","2"
"167745","Turtle, green, raw","SR Legacy","89","19.8","0.5","0"
"167746","Lemons, raw, without peel","SR Legacy","29","1.1","0.3","9.32"
"167747","Lemon juice, raw","SR Legacy","22","0.35","0.24","6.9"
"167748","Lemon juice from concentrate, canned or bottled","SR Legacy","17","0.45","0.07","5.62"
"167749","Lemon peel, raw","SR Legacy","47","1.5","0.3","16"
"167750","Prickly pears, raw","SR Legacy","41","0.73","0.51","9.57"
"167751","Plums, dried (prunes), stewed, without added sugar","SR Legacy","107","0.96","0.16","28.1"
"167752","Plums, dried (prunes), stewed, with added sugar","SR Legacy","124","1.09","0.22","32.9"
"167753","Prune juice, canned","SR Legacy","71","0.61","0.03","17.4"
"167754","Pummelo, raw","SR Legacy","38","0.76","0.04","9.62"
"167755","Raspberries, raw","SR Legacy","52","1.2","0.65","11.9"
"167756","Raspberries, canned, red, heavy syrup pack, solids and liquids","SR Legacy","91","0.83","0.12","23.4"
"167757","Raspberries, frozen, red, sweetened","SR Legacy","103","0.7","0.16","26.2"
"167758","Rhubarb, raw","SR Legacy","21","0.9","0.2","4.54"
"167759","Sapodilla, raw","SR Legacy","83","0.44","1.1","20"
"167760","Sapote, mamey, raw","SR Legacy","124","1.45","0.46","32.1"
"167761","Soursop, raw","SR Legacy","66","1","0.3","16.8"
"167762","Strawberries, raw","SR Legacy","32","0.67","0.3","7.68"
"167763","Tamarinds, raw","SR Legacy","239","2.8","0.6","62.5"
"167764","Fruit salad, (pineapple and papaya and banana and guava), tropical, canned, heavy syrup, solids and liquids","SR Legacy","86","0.41","0.1","22.4"
"167765","Watermelon, raw","SR Legacy","30","0.61","0.15","7.55"
"167766","Maraschino cherries, canned, drained","SR Legacy","165","0.22","0.21","42"
"167767","Pineapple, canned, juice pack, drained","SR Legacy","60","0.51","0.11","15.6"
"167768","Apricots, canned, heavy syrup, drained","SR Legacy","83","0.64","0.11","21.3"
"167769","Cherries, sour, canned, water pack, drained","SR Legacy","42","0.69","0.21","10.4"
"167770","Cherries, sweet, canned, pitted, heavy syrup, drained","SR Legacy","83","0.73","0.21","21.1"
"167771","Apple juice, canned or bottled, unsweetened, with added ascorbic acid","SR Legacy","46","0.1","0.13","11.3"
"167772","Applesauce, canned, unsweetened, with added ascorbic acid","SR Legacy","42","0.17","0.1","11.3"
"167773","Applesauce, canned, sweetened, with salt","SR Legacy","76","0.18","0.18","19.9"
"167774","Grapefruit juice, pink, raw","SR Legacy","39","0.5","0.1","9.2"
"167775","Apple juice, frozen concentrate, unsweetened, diluted with 3 volume water, with added ascorbic acid","SR Legacy","47","0.14","0.1","11.5"
"167776","Pears, raw, bartlett (Includes foods for USDA's Food Distribution Program)","SR Legacy","63","0.39","0.16","15"
"167777","Pears, raw, red anjou","SR Legacy","62","0.33","0.14","14.9"
"167778","Pears, raw, bosc (Includes foods for USDA's Food Distribution Program)","SR Legacy","67","0.36","0.09","16.1"
"167779","Pears, raw, green anjou (Includes foods for USDA's Food Distribution Program)","SR Legacy","66","0.44","0.1","15.8"
"167780","Prune puree","SR Legacy","257","2.1","0.2","65.1"
"167781","Candied fruit","SR Legacy","322","0.34","0.07","82.7"
"167782","Abiyuch, raw","SR Legacy","69","1.5","0.1","17.6"
"167783","Rowal, raw","SR Legacy","111","2.3","2","23.9"
"167784","Guava nectar, canned, with added ascorbic acid","SR Legacy","63","0.09","0.06","16.2"
"167785","Mango nectar, canned","SR Legacy","51","0.11","0.06","13.1"
"167786","Tamarind nectar, canned","SR Legacy","57","0.09","0.12","14.7"
"167787","Pomegranate juice, bottled","SR Legacy","54","0.15","0.29","13.1"
"167788","Nance, canned, syrup, drained","SR Legacy","95","0.56","1.28","22.8"
"167789","Nance, frozen, unsweetened","SR Legacy","73","0.66","1.16","17"
"167790","Naranjilla (lulo) pulp, frozen, unsweetened","SR Legacy","25","0.44","0.22","5.9"
"167791","Horned melon (Kiwano)","SR Legacy","44","1.78","1.26","7.56"
"167792","Orange Pineapple Juice Blend","SR Legacy","51","0.41","0.08","12.2"
"167793","Apples, raw, fuji, with skin (Includes foods for USDA's Food Distribution Program)","SR Legacy","63","0.2","0.18","15.2"
"167794","Orange juice, chilled, includes from concentrate, with added calcium and vitamins A, D, E","SR Legacy","49","0.68","0.12","11.5"
"167795","Fruit juice smoothie, NAKED JUICE, MIGHTY MANGO","SR Legacy","63","0.42","0","15"
"167796","Fruit juice smoothie, NAKED JUICE, GREEN MACHINE","SR Legacy","53","0.6","0.26","12.5"
"167797","Fruit juice smoothie, BOLTHOUSE FARMS, BERRY BOOST","SR Legacy","46","0.63","0.02","10.9"
"167798","Fruit juice smoothie, BOLTHOUSE FARMS, GREEN GOODNESS","SR Legacy","56","0.63","0.33","13"
"167799","Fruit juice smoothie, BOLTHOUSE FARMS, strawberry banana","SR Legacy","52","0.44","0.3","12.4"
"167800","Apple juice, canned or bottled, unsweetened, with added ascorbic acid, calcium, and potassium","SR Legacy","48","0.12","0.17","11.5"
"167801","Lemon juice from concentrate, bottled, CONCORD","SR Legacy","24","0.4","0.07","5.37"
"167802","Lemon juice from concentrate, bottled, REAL LEMON","SR Legacy","17","0.47","0.07","5.66"
"167803","Cranberry sauce, whole, canned, OCEAN SPRAY","SR Legacy","158","0.75","0.05","40.4"
"167804","Cranberry sauce, jellied, canned, OCEAN SPRAY","SR Legacy","160","1.05","0.04","40.6"
"167805","Ruby Red grapefruit juice blend (grapefruit, grape, apple), OCEAN SPRAY, bottled, with added vitamin C","SR Legacy","44","0.5","0.1","10.5"
"167806","Baobab powder","SR Legacy","250","3.69","0.47","79.6"
"167807","Cherry juice, tart","SR Legacy","59","0.31","0.54","13.7"
"167808","Raspberries, puree, seedless","SR Legacy","41","1.02","0.87","7.99"
"167809","Raspberries, puree, with seeds","SR Legacy","55","1.1","0.97","11.5"
"167810","Pork, fresh, composite of trimmed leg, loin, shoulder, and spareribs, (includes cuts to be cured), separable lean and fat, raw","SR Legacy","211","18.2","14.8","0"
"167811","Pork, fresh, backfat, raw","SR Legacy","812","2.92","88.7","0"
"167812","Pork, fresh, belly, raw","SR Legacy","518","9.34","53","0"
"167813","Pork, fresh, separable fat, raw","SR Legacy","632","9.25","65.7","0"
"167814","Pork, fresh, leg (ham), rump half, separable lean and fat, raw","SR Legacy","182","20.3","10.6","0"
"167815","Pork, fresh, leg (ham), rump half, separable lean and fat, cooked, roasted","SR Legacy","209","27","10.3","0"
"167816","Pork, fresh, leg (ham), rump half, separable lean only, raw (Includes foods for USDA's Food Distribution Program)","SR Legacy","120","21.8","2.93","0"
"167817","Pork, fresh, leg (ham), rump half, separable lean only, cooked, roasted","SR Legacy","165","28.9","4.62","0"
"167818","Pork, fresh, loin, whole, separable lean and fat, raw","SR Legacy","198","19.7","12.6","0"
"167819","Pork, fresh, loin, whole, separable lean and fat, cooked, braised","SR Legacy","239","27.2","13.6","0"
"167820","Pork, fresh, loin, whole, separable lean and fat, cooked, broiled","SR Legacy","242","27.3","13.9","0"
"167821","Pork, fresh, loin, whole, separable lean and fat, cooked, roasted","SR Legacy","248","27.1","14.6","0"
"167822","Pork, fresh, loin, blade (chops or roasts), bone-in, separable lean and fat, raw","SR Legacy","194","19.6","12.3","0"
"167823","Pork, fresh, loin, blade (chops), bone-in, separable lean and fat, cooked, braised","SR Legacy","255","26.5","15.7","0"
"167824","Pork, fresh, loin, blade (chops), bone-in, separable lean and fat, cooked, broiled","SR Legacy","231","23.7","14.4","0"
"167825","Pork, fresh, loin, blade (roasts), bone-in, separable lean and fat, cooked, roasted","SR Legacy","254","24.3","16.7","0"
"167826","Pork, fresh, loin, center loin (chops), bone-in, separable lean and fat, cooked, braised","SR Legacy","242","28.2","13.5","0"
"167827","Pork, fresh, loin, center loin (chops), bone-in, separable lean and fat, cooked, broiled","SR Legacy","209","25.6","11.1","0"
"167828","Pork, fresh, loin, center loin (roasts), bone-in, separable lean and fat, cooked, roasted","SR Legacy","231","27","12.8","0"
"167829","Pork, fresh, loin, center loin (chops), bone-in, separable lean only, raw","SR Legacy","127","22","3.71","0"
"167830","Pork, fresh, loin, center rib (chops), bone-in, separable lean and fat, cooked, braised","SR Legacy","261","26.7","16.3","0"
"167831","Pork, fresh, loin, center rib (chops), bone-in, separable lean and fat, cooked, broiled","SR Legacy","222","24.4","13","0"
"167832","Pork, fresh, loin, center rib (roasts), bone-in, separable lean and fat, cooked, roasted","SR Legacy","248","27","14.7","0"
"167833","Pork, fresh, loin, center rib (chops or roasts), bone-in, separable lean only, raw","SR Legacy","136","21.8","4.8","0"
"167834","Pork, fresh, loin, sirloin (chops), bone-in, separable lean and fat, cooked, braised","SR Legacy","234","28.8","12.3","0"
"167835","Pork, fresh, loin, sirloin (chops), bone-in, separable lean and fat, cooked, broiled","SR Legacy","222","27","11.8","0"
"167836","Pork, fresh, loin, sirloin (roasts), bone-in, separable lean and fat, cooked, roasted","SR Legacy","230","26.6","12.9","0"
"167837","Pork, fresh, loin, sirloin (chops or roasts), bone-in, separable lean only, raw","SR Legacy","129","21.6","4.02","0"
"167838","Pork, fresh, loin, sirloin (chops), bone-in, separable lean only, cooked, braised","SR Legacy","195","31","6.9","0"
"167839","Pork, fresh, loin, top loin (chops), boneless, separable lean and fat, raw","SR Legacy","155","21.6","6.94","0"
"167840","Pork, fresh, loin, top loin (chops), boneless, separable lean and fat, cooked, braised","SR Legacy","200","29.2","8.31","0"
"167841","Pork, fresh, loin, top loin (chops), boneless, separable lean and fat, cooked, broiled","SR Legacy","196","26.6","9.14","0"
"167842","Pork, fresh, loin, top loin (roasts), boneless, separable lean and fat, cooked, roasted","SR Legacy","192","26.4","8.82","0"
"167843","Pork, fresh, shoulder, whole, separable lean and fat, raw","SR Legacy","236","17.2","18","0"
"167844","Pork, fresh, shoulder, whole, separable lean and fat, cooked, roasted","SR Legacy","292","23.3","21.4","0"
"167845","Pork, fresh, shoulder, whole, separable lean only, raw","SR Legacy","148","19.6","7.14","0"
"167846","Pork, fresh, shoulder, whole, separable lean only, cooked, roasted","SR Legacy","230","25.3","13.5","0"
"167847","Pork, fresh, shoulder, arm picnic, separable lean only, cooked, braised","SR Legacy","194","26.8","8.87","0"
"167848","Pork, fresh, shoulder, arm picnic, separable lean only, cooked, roasted","SR Legacy","228","26.7","12.6","0"
"167849","Pork, fresh, shoulder, (Boston butt), blade (steaks), separable lean and fat, raw","SR Legacy","186","17.4","12.4","0"
"167850","Pork, fresh, shoulder, (Boston butt), blade (steaks), separable lean and fat, cooked, braised","SR Legacy","267","25.1","17.7","0"
"167851","Pork, fresh, shoulder, blade, boston (steaks), separable lean and fat, cooked, broiled","SR Legacy","259","25.6","16.6","0"
"167852","Pork, fresh, shoulder, blade, boston (roasts), separable lean only, cooked, roasted","SR Legacy","232","24.2","14.3","0"
"167853","Pork, fresh, spareribs, separable lean and fat, raw","SR Legacy","277","15.5","23.4","0"
"167854","Pork, fresh, spareribs, separable lean and fat, cooked, braised","SR Legacy","397","29.1","30.3","0"
"167855","Pork, fresh, composite of trimmed retail cuts (leg, loin, and shoulder), separable lean only, cooked","SR Legacy","201","27.5","9.21","0"
"167856","Pork, fresh, variety meats and by-products, chitterlings, cooked, simmered","SR Legacy","233","12.5","20.3","0"
"167857","Pork, fresh, variety meats and by-products, ears, frozen, raw","SR Legacy","234","22.4","15.1","0.6"
"167858","Pork, fresh, variety meats and by-products, ears, frozen, cooked, simmered","SR Legacy","166","16","10.8","0.2"
"167859","Pork, fresh, variety meats and by-products, feet, raw","SR Legacy","212","23.2","12.6","0"
"167860","Pork, fresh, variety meats and by-products, kidneys, cooked, braised","SR Legacy","151","25.4","4.7","0"
"167861","Pork, fresh, variety meats and by-products, leaf fat, raw","SR Legacy","857","1.76","94.2","0"
"167862","Pork, fresh, variety meats and by-products, liver, raw","SR Legacy","134","21.4","3.65","2.47"
"167863","Pork, fresh, variety meats and by-products, liver, cooked, braised","SR Legacy","165","26","4.4","3.76"
"167864","Pork, fresh, variety meats and by-products, lungs, raw","SR Legacy","85","14.1","2.72","0"
"167865","Pork, fresh, variety meats and by-products, spleen, raw","SR Legacy","100","17.9","2.59","0"
"167866","Pork, fresh, variety meats and by-products, spleen, cooked, braised","SR Legacy","149","28.2","3.2","0"
"167867","Pork, fresh, variety meats and by-products, stomach, raw","SR Legacy","159","16.8","10.1","0"
"167868","Pork, fresh, loin, blade (chops), bone-in, separable lean only, cooked, pan-fried","SR Legacy","222","26.4","12.1","0"
"167869","Canadian bacon, unprepared","SR Legacy","110","20.3","2.62","1.34"
"167870","Pork, cured, feet, pickled","SR Legacy","140","11.6","10","0.01"
"167871","Pork, cured, ham, boneless, extra lean (approximately 5% fat), roasted","SR Legacy","145","20.9","5.53","1.5"
"167872","Pork, cured, ham, boneless, regular (approximately 11% fat), roasted","SR Legacy","178","22.6","9.02","0"
"167873","Pork, cured, ham, patties, unheated","SR Legacy","315","12.8","28.2","1.69"
"167874","Pork, cured, ham, steak, boneless, extra lean, unheated","SR Legacy","122","19.6","4.25","0"
"167875","Pork, cured, ham, whole, separable lean and fat, unheated","SR Legacy","246","18.5","18.5","0.06"
"167876","Pork, cured, ham, whole, separable lean only, unheated","SR Legacy","147","22.3","5.71","0.05"
"167877","Pork, cured, separable fat (from ham and arm picnic), unheated","SR Legacy","579","5.68","61.4","0.09"
"167878","Pork, cured, separable fat (from ham and arm picnic), roasted","SR Legacy","591","7.64","61.9","0"
"167879","Pork, cured, shoulder, arm picnic, separable lean and fat, roasted","SR Legacy","280","20.4","21.4","0"
"167880","Pork, cured, shoulder, arm picnic, separable lean only, roasted","SR Legacy","170","24.9","7.04","0"
"167881","Pork, fresh, variety meats and by-products, tail, cooked, simmered","SR Legacy","396","17","35.8","0"
"167882","Pork, fresh, loin, center loin (chops), bone-in, separable lean only, cooked, pan-fried","SR Legacy","195","29.6","7.66","0"
"167883","Pork, fresh, loin, center rib (chops), bone-in, separable lean only, cooked, pan-fried","SR Legacy","211","28.8","9.73","0"
"167884","Pork, fresh, loin, blade (chops), bone-in, separable lean and fat, cooked, pan-fried","SR Legacy","256","25","16.6","0"
"167885","Pork, cured, ham, extra lean and regular, canned, unheated","SR Legacy","144","18","7.46","0"
"167886","Pork, cured, ham, extra lean and regular, canned, roasted","SR Legacy","167","20.9","8.43","0.49"
"167887","Pork, fresh, loin, top loin (chops), boneless, separable lean and fat, cooked, pan-fried","SR Legacy","196","29.4","7.86","0"
"167888","Pork, fresh, composite of trimmed retail cuts (leg, loin, shoulder, and spareribs), separable lean and fat, raw","SR Legacy","216","19","15","0"
"167889","Pork, fresh, loin, center rib (chops or roasts), boneless, separable lean and fat, raw","SR Legacy","211","19.9","14","0"
"167890","Pork, fresh, loin, center rib (chops), boneless, separable lean and fat, cooked, braised","SR Legacy","255","26.3","15.8","0"
"167891","Pork, fresh, loin, center rib (chops), boneless, separable lean and fat, cooked, broiled","SR Legacy","260","27.6","15.8","0"
"167892","Pork, fresh, loin, center rib (chops), boneless, separable lean and fat, cooked, pan-fried","SR Legacy","273","25.8","18","0"
"167893","Pork, fresh, loin, center rib (chops), boneless, separable lean only, cooked, pan-fried","SR Legacy","224","27.7","11.8","0"
"167894","Pork, fresh, loin, center rib (roasts), boneless, separable lean only, cooked, roasted","SR Legacy","214","28.8","10.1","0"
"167895","Pork, fresh, loin, country-style ribs, separable lean and fat, raw","SR Legacy","189","19.3","11.8","0"
"167896","Pork, fresh, loin, country-style ribs, separable lean and fat, cooked, braised","SR Legacy","273","26.5","17.7","0"
"167897","Pork, fresh, loin, country-style ribs, separable lean and fat, bone-in, cooked, roasted","SR Legacy","359","21.8","29.5","0"
"167898","Pork, fresh, loin, sirloin (chops), boneless, separable lean and fat, cooked, braised","SR Legacy","171","28.4","5.47","0"
"167899","Pork, fresh, loin, sirloin (chops), boneless, separable lean and fat, cooked, broiled","SR Legacy","170","28.2","5.53","0"
"167900","Pork, fresh, loin, sirloin (roasts), boneless, separable lean and fat, cooked, roasted","SR Legacy","192","29.6","7.32","0"
"167901","Pork, fresh, loin, sirloin (chops or roasts), boneless, separable lean only, raw","SR Legacy","121","22.8","2.59","0"
"167902","Pork, fresh, ground, raw","SR Legacy","263","16.9","21.2","0"
"167903","Pork, fresh, ground, cooked","SR Legacy","297","25.7","20.8","0"
"167904","Pork, fresh, loin, tenderloin, separable lean and fat, cooked, broiled","SR Legacy","201","29.9","8.11","0"
"167905","Pork, fresh, loin, tenderloin, separable lean and fat, cooked, roasted","SR Legacy","147","26","3.96","0"
"167906","Pork, fresh, composite of trimmed retail cuts (loin and shoulder blade), separable lean and fat, cooked","SR Legacy","235","26.1","13.7","0"
"167907","Pork, fresh, composite of trimmed retail cuts (loin and shoulder blade), separable lean only, raw","SR Legacy","144","21.2","5.88","0"
"167908","Pork, fresh, composite of trimmed retail cuts (loin and shoulder blade), separable lean only, cooked","SR Legacy","211","29.5","9.44","0"
"167909","HORMEL, Cure 81 Ham","SR Legacy","106","18.4","3.59","0.21"
"167910","HORMEL ALWAYS TENDER, Pork Tenderloin, Teriyaki-Flavored","SR Legacy","119","18.2","3.07","4.63"
"167911","HORMEL Canadian Style Bacon","SR Legacy","122","16.9","4.94","1.87"
"167912","Pork, fresh, loin, top loin (chops), boneless, separable lean only, with added solution, cooked, pan-broiled","SR Legacy","169","29","5","0"
"167913","Pork, fresh, loin, top loin (chops), boneless, separable lean and fat, with added solution, cooked, pan-broiled","SR Legacy","190","28.4","7.66","0"
"167914","Pork, cured, bacon, cooked, baked","SR Legacy","548","35.7","43.3","1.35"
"167915","Pork, cured, ham -- water added, rump, bone-in, separable lean only, heated, roasted","SR Legacy","121","21.4","3.56","0.87"
"167916","Pork, cured, ham -- water added, rump, bone-in, separable lean only, unheated","SR Legacy","95","15.4","3.48","0.67"
"167917","Pork, cured, ham -- water added, shank, bone-in, separable lean only, heated, roasted","SR Legacy","128","20.9","4.43","1.2"
"167918","Pork, cured, ham -- water added, slice, bone-in, separable lean only, heated, pan-broil","SR Legacy","131","22","4.3","1.48"
"167919","Pork, cured, ham with natural juices, rump, bone-in, separable lean only, heated, roasted","SR Legacy","137","24.1","4.25","0.48"
"167920","Pork, cured, ham with natural juices, shank, bone-in, separable lean only, heated, roasted","SR Legacy","145","25","4.97","0.34"
"167921","Pillsbury Grands, Buttermilk Biscuits, refrigerated dough","SR Legacy","293","6.16","11.3","42.4"
"167922","Heinz, Weight Watcher, Chocolate Eclair, frozen","SR Legacy","241","4.4","6.9","40.3"
"167923","Interstate Brands Corp, Wonder Hamburger Rolls","SR Legacy","273","8.07","4.15","50.8"
"167924","Nabisco, Nabisco Snackwell's Fat Free Devil's Food Cookie Cakes","SR Legacy","305","5","1.09","74.2"
"167925","Crackers, cheese, sandwich-type with cheese filling","SR Legacy","490","8.92","24.4","58.8"
"167926","Pancakes, plain, frozen, ready-to-heat, microwave (includes buttermilk)","SR Legacy","239","5.88","4.73","43.3"
"167927","Toaster Pastries, fruit, frosted (include apples, blueberry, cherry, strawberry)","SR Legacy","385","4.01","9.02","71.8"
"167928","Toaster pastries, fruit, toasted (include apple, blueberry, cherry, strawberry)","SR Legacy","409","4.7","11","72.7"
"167929","Muffin, blueberry, commercially prepared, low-fat","SR Legacy","255","4.23","4.22","50"
"167930","Pie crust, refrigerated, regular, baked","SR Legacy","506","3.41","28.7","58.5"
"167931","Pie crust, deep dish, frozen, baked, made with enriched flour","SR Legacy","521","6.1","31.8","52.5"
"167932","Pie crust, refrigerated, regular, unbaked","SR Legacy","445","2.97","25.5","51.1"
"167933","Crackers, whole-wheat, reduced fat","SR Legacy","416","11.3","7.59","75.5"
"167934","Crackers, wheat, reduced fat","SR Legacy","444","9.34","13.4","71.5"
"167935","Bread, pan dulce, sweet yeast bread","SR Legacy","367","9.42","11.6","56.4"
"167936","Keikitos (muffins), Latino bakery item","SR Legacy","467","6.81","25.2","53.2"
"167937","Cake, pound, Bimbo Bakeries USA, Panque Casero, home baked style","SR Legacy","418","6.62","21.7","48.9"
"167938","Pan Dulce, La Ricura, Salpora de Arroz con Azucar, cookie-like, contains wheat flour and rice flour","SR Legacy","445","8.81","16.1","66.3"
"167939","Garlic bread, frozen","SR Legacy","350","8.36","16.6","41.7"
"167940","Cinnamon buns, frosted (includes honey buns)","SR Legacy","452","4.45","26.6","48.6"
"167941","Crackers, cheese, reduced fat","SR Legacy","418","10","11.7","68.2"
"167942","Crackers, saltines, whole wheat (includes multi-grain)","SR Legacy","398","7.14","10.7","68.2"
"167943","Bread, potato","SR Legacy","266","12.5","3.13","47.1"
"167944","Bread, cheese","SR Legacy","408","10.4","20.8","44.8"
"167945","Focaccia, Italian flatbread, plain","SR Legacy","249","8.77","7.89","35.8"
"167946","SCHIFF,TIGER'S MILK BAR","SR Legacy","387","16.8","14.3","56.5"
"167947","Candies, TOBLERONE, milk chocolate with honey and almond nougat","SR Legacy","489","5.71","28.6","61.2"
"167948","Snacks, corn-based, extruded, onion-flavor","SR Legacy","499","7.7","22.6","65.1"
"167949","Snacks, corn-based, extruded, puffs or twists, cheese-flavor","SR Legacy","567","5.46","36.5","54.5"
"167950","Snacks, KRAFT, CORNNUTS, plain","SR Legacy","446","8.5","15.6","71.9"
"167951","Snacks, crisped rice bar, chocolate chip","SR Legacy","404","5.1","13.5","73"
"167952","Snacks, granola bars, hard, chocolate chip","SR Legacy","438","7.3","16.3","72.1"
"167953","Fruit syrup","SR Legacy","341","0","0","85.1"
"167954","Snacks, granola bars, soft, uncoated, plain","SR Legacy","443","7.4","17.2","67.3"
"167955","Snacks, granola bars, soft, uncoated, peanut butter","SR Legacy","426","10.5","15.8","64.4"
"167956","Topping, SMUCKER'S MAGIC SHELL","SR Legacy","609","2.94","44.1","50.1"
"167957","Syrup, fruit flavored","SR Legacy","261","0","0.02","65.1"
"167958","Snacks, oriental mix, rice-based","SR Legacy","506","17.3","25.6","51.6"
"167959","Snacks, popcorn, air-popped","SR Legacy","387","12.9","4.54","77.8"
"167960","Snacks, popcorn, cheese-flavor","SR Legacy","526","9.3","33.2","51.6"
"167961","Snacks, pork skins, plain","SR Legacy","544","61.3","31.3","0"
"167962","Snacks, potato chips, barbecue-flavor","SR Legacy","487","6.51","31.1","55.9"
"167963","Snacks, potato chips, sour-cream-and-onion-flavor","SR Legacy","531","8.1","33.9","51.5"
"167964","Snacks, M&M MARS, COMBOS Snacks Cheddar Cheese Pretzel","SR Legacy","463","9.85","16.9","66.5"
"167965","Snacks, pretzels, hard, whole-wheat including both salted and unsalted","SR Legacy","362","11.1","2.6","81.3"
"167966","Snacks, rice cracker brown rice, plain","SR Legacy","387","8.2","2.8","81.5"
"167967","Snacks, rice cakes, brown rice, buckwheat","SR Legacy","380","9","3.5","80.1"
"167968","Snacks, trail mix, tropical","SR Legacy","442","6.3","17.1","65.6"
"167969","Snacks, trail mix, regular, with chocolate chips, salted nuts and seeds","SR Legacy","484","14.2","31.9","44.9"
"167970","Snacks, tortilla chips, taco-flavor","SR Legacy","480","7.9","24.2","63.1"
"167971","Candies, TOOTSIE ROLL, chocolate-flavor roll","SR Legacy","387","1.59","3.31","87.7"
"167972","Candies, butterscotch","SR Legacy","391","0.03","3.3","90.4"
"167973","Candies, carob, unsweetened","SR Legacy","540","8.15","31.4","56.3"
"167974","Candies, caramels","SR Legacy","382","4.6","8.1","77"
"167975","Candies, CARAMELLO Candy Bar","SR Legacy","462","6.19","21.2","63.8"
"167976","Candies, semisweet chocolate","SR Legacy","480","4.2","30","63.9"
"167977","Candies, sweet chocolate","SR Legacy","507","3.9","34.2","60.4"
"167978","Candies, sweet chocolate coated fondant","SR Legacy","366","2.2","9.3","80.4"
"167979","Candies, HERSHEY'S GOLDEN ALMOND SOLITAIRES","SR Legacy","569","12","37.1","46.8"
"167980","Candies, confectioner's coating, butterscotch","SR Legacy","539","2.2","29","67.1"
"167981","Ice creams, french vanilla, soft-serve","SR Legacy","222","4.1","13","22.2"
"167982","Candies, YORK Peppermint Pattie","SR Legacy","384","2.19","7.17","81"
"167983","Candies, TWIZZLERS NIBS CHERRY BITS","SR Legacy","347","2.3","2.64","79.4"
"167984","Candies, SYMPHONY Milk Chocolate Bar","SR Legacy","531","8.51","30.6","58"
"167985","Candies, 5TH AVENUE Candy Bar","SR Legacy","482","8.78","24","62.7"
"167986","Candies, fondant, prepared-from-recipe","SR Legacy","373","0","0.02","93.2"
"167987","Candies, fudge, chocolate, prepared-from-recipe","SR Legacy","410","2.39","10.4","76.7"
"167988","Candies, fudge, chocolate, with nuts, prepared-from-recipe","SR Legacy","460","4.38","18.9","68.2"
"167989","Candies, gumdrops, starch jelly pieces","SR Legacy","396","0","0","98.9"
"167990","Candies, hard","SR Legacy","394","0","0.2","98"
"167991","Candies, jellybeans","SR Legacy","375","0","0.05","93.6"
"167992","Candies, KIT KAT Wafer Bar","SR Legacy","518","6.51","26","64.6"
"167993","Candies, KRACKEL Chocolate Bar","SR Legacy","523","6.62","26.6","64.3"
"167994","Candies, MARS SNACKFOOD US, MARS Almond Bar","SR Legacy","467","8.1","23","62.7"
"167995","Candies, marshmallows","SR Legacy","318","1.8","0.2","81.3"
"167996","Candies, halavah, plain","SR Legacy","469","12.5","21.5","60.5"
"167997","Candies, NESTLE, OH HENRY! Bar","SR Legacy","462","7.7","23","65.5"
"167998","Puddings, chocolate, dry mix, instant, prepared with 2% milk","SR Legacy","105","3.15","1.92","18.9"
"167999","Baking chocolate, mexican, squares","SR Legacy","426","3.64","15.6","77.4"
"168000","Chocolate-flavored hazelnut spread","SR Legacy","539","5.41","29.7","62.4"
"168001","Candies, milk chocolate coated peanuts","SR Legacy","519","13.1","33.5","49.7"
"168002","Glutino, Gluten Free Wafers, Lemon Flavored","SR Legacy","515","0","24.2","74.4"
"168003","Glutino, Gluten Free Wafers, Milk Chocolate","SR Legacy","541","4.06","30.4","62.8"
"168004","Mary's Gone Crackers, Original Crackers, Organic Gluten Free","SR Legacy","446","12.1","15.6","64.3"
"168005","Pepperidge Farm, Goldfish, Baked Snack Crackers, Cheddar","SR Legacy","457","11.7","16.1","66.2"
"168006","Pepperidge Farm, Goldfish, Baked Snack Crackers, Explosive Pizza","SR Legacy","458","9.56","16.8","67.2"
"168007","Sage Valley, Gluten Free Vanilla Sandwich Cookies","SR Legacy","499","3.13","22.2","71.9"
"168008","Schar, Gluten-Free, Classic White Rolls","SR Legacy","239","3.34","2.65","50.5"
"168009","Schar, Gluten-Free, Wheat-Free, Classic White Bread","SR Legacy","240","3.81","4.47","46.1"
"168010","Udi's, Gluten Free, Classic French Dinner Rolls","SR Legacy","310","7.99","6.4","55.1"
"168011","Van's, Gluten Free, Totally Original Waffles","SR Legacy","248","2.99","8.22","40.5"
"168012","Van's, The Perfect 10, Crispy Six Whole Grain + Four Seed Baked Crackers, Gluten Free","SR Legacy","471","7.63","18.9","67.6"
"168013","Bread, multi-grain (includes whole-grain)","SR Legacy","265","13.4","4.23","43.3"
"168014","Cookies, animal crackers (includes arrowroot, tea biscuits)","SR Legacy","446","6.9","13.8","74.1"
"168015","Sweet Potatoes, french fried, crosscut, frozen, unprepared","SR Legacy","209","1.7","11.1","25.5"
"168016","Sweet Potato puffs, frozen, unprepared","SR Legacy","161","1.36","3.58","30.7"
"168017","Mouse nuts, roots (Alaska Native)","SR Legacy","81","3.9","0.1","16.1"
"168018","Mouse nuts, seedlings (Alaska Native)","SR Legacy","104","7.3","1.1","16.3"
"168019","Octopus (Alaska Native)","SR Legacy","56","12.3","0.8","0"
"168020","Seal, bearded (Oogruk), meat, dried (Alaska Native)","SR Legacy","351","82.6","2.3","0"
"168021","Fish, pike, northern, liver (Alaska Native)","SR Legacy","156","16.6","8","4.3"
"168022","Rhubarb, wild, leaves (Alaska Native)","SR Legacy","61","4.2","0.5","9.9"
"168023","Fish, salmon, tipnuk, fermented (Alaska Native)","SR Legacy","159","15.9","10.6","0"
"168024","Fish, salmon, king, chinook, kippered, canned (Alaska Native)","SR Legacy","266","30.7","15.9","0"
"168025","Seal, ringed, meat (Alaska Native)","SR Legacy","142","28.4","3.2","0"
"168026","Seal, ringed, liver (Alaska Native)","SR Legacy","116","18.6","3.3","2.9"
"168027","Soup, fish, homemade (Alaska Native)","SR Legacy","72","7.4","2.2","5.6"
"168028","Sourdock, young leaves (Alaska Native)","SR Legacy","42","2.3","0.7","6.5"
"168029","Walrus, meat, raw (Alaska Native)","SR Legacy","199","19.2","13.6","0"
"168030","Walrus, meat and subcutaneous fat raw (Alaska Native)","SR Legacy","282","16.3","24.1","0"
"168031","Walrus, liver, raw (Alaska Native)","SR Legacy","125","21","3","3.5"
"168032","Oil, walrus (Alaska Native)","SR Legacy","900","0","100","0"
"168033","Fish, whitefish, mixed species, raw (Alaska Native)","SR Legacy","131","18.9","6.1","0"
"168034","Fish, whitefish, broad, head, eyes, cheeks and soft bones (Alaska Native)","SR Legacy","107","18.6","3.6","0"
"168035","Willow, leaves in oil (Alaska Native)","SR Legacy","592","2.6","61","8.1"
"168036","Willow, young leaves, chopped (Alaska Native)","SR Legacy","122","6.1","1.6","20.7"
"168037","Corn, white, steamed (Navajo)","SR Legacy","386","9.72","5.18","75.2"
"168038","Cornmeal, white (Navajo)","SR Legacy","398","11","5.04","77.1"
"168039","Cornmeal, yellow (Navajo)","SR Legacy","384","9.85","5.88","72.9"
"168040","Squash, Indian, raw (Navajo)","SR Legacy","26","0.52","0.2","5.64"
"168041","Tortilla, includes plain and from mutton sandwich (Navajo)","SR Legacy","237","7.28","0.95","49.9"
"168042","Stew, dumpling with mutton (Navajo)","SR Legacy","101","8.71","3.78","8.03"
"168043","Stew, hominy with mutton (Navajo)","SR Legacy","83","6.71","2.06","9.38"
"168044","Stew, mutton, corn, squash (Navajo)","SR Legacy","103","8.62","4.34","7.27"
"168045","Fish, salmon, sockeye (red), raw (Alaska Native)","SR Legacy","153","21.9","7.28","0"
"168046","Fish, Salmon, Chum, raw (Alaska Native)","SR Legacy","116","20.7","3.67","0"
"168047","Fish, salmon, king (chinook), raw (Alaska Native)","SR Legacy","187","20.2","11.7","0"
"168048","Salmonberries, raw (Alaska Native)","SR Legacy","47","0.85","0.33","10"
"168049","Caribou, shoulder meat, dried (Alaska Native)","SR Legacy","271","59.4","3.67","0"
"168050","Caribou, hind quarter meat, raw (Alaska Native)","SR Legacy","122","22.6","3.37","0"
"168051","Seal, bearded (Oogruk), meat, dried, in oil (Alaska Native)","SR Legacy","367","35.3","25.1","0"
"168052","Fish, whitefish, dried (Alaska Native)","SR Legacy","371","62.4","13.4","0"
"168053","Seal, bearded (Oogruk), meat, low quadrant, raw (Alaska Native)","SR Legacy","186","23.6","10.2","0"
"168054","Fish, salmon, chum, dried (Alaska Native)","SR Legacy","378","62.1","14.4","0"
"168055","Elk, free range, ground, cooked patties (Shoshone Bannock)","SR Legacy","143","29.4","2.8","0"
"168056","Elk, free range, ground, raw (Shoshone Bannock)","SR Legacy","97","20.1","1.8","0"
"168057","Elk, free range, roast, eye of round, cooked (Shoshone Bannock)","SR Legacy","148","30.6","2.85","0"
"168058","Chokecherries, raw, pitted (Shoshone Bannock)","SR Legacy","156","2.89","0.98","33.9"
"168059","Steelhead trout, dried, flesh (Shoshone Bannock)","SR Legacy","382","77.3","8.06","0"
"168060","Steelhead trout, boiled, canned (Alaska Native)","SR Legacy","159","21.1","8.26","0"
"168061","Acorn stew (Apache)","SR Legacy","95","6.81","3.47","9.22"
"168062","Restaurant, Italian, chicken parmesan without pasta","SR Legacy","204","16.2","10.6","10.9"
"168063","Restaurant, Latino, arroz con leche (rice pudding)","SR Legacy","146","3.2","3.69","24.9"
"168064","Restaurant, Latino, Arroz con frijoles negros (rice and black beans)","SR Legacy","151","4.64","3.85","24.4"
"168065","Restaurant, Latino, Arroz con habichuelas colorados (Rice And Red Beans)","SR Legacy","142","3.96","3.46","23.7"
"168066","Restaurant, Latino, Arroz con grandules (rice and pigeonpeas)","SR Legacy","182","3.5","4.98","30.8"
"168067","Restaurant, Latino, tamale, pork","SR Legacy","174","7.35","9.04","15.8"
"168068","Restaurant, Latino, black bean soup","SR Legacy","103","5.1","2.57","14.8"
"168069","Restaurant, Latino, tripe soup","SR Legacy","74","8.61","2.58","4.07"
"168070","Restaurant, Latino, arepa (unleavened cornmeal bread)","SR Legacy","219","5.48","5.38","37.1"
"168071","Restaurant, Latino, bunuelos (fried yeast bread)","SR Legacy","462","8.02","26.2","48.6"
"168072","Restaurant, Chinese, beef and vegetables","SR Legacy","105","7.08","5.3","7.29"
"168073","CRACKER BARREL, chicken tenderloin platter, fried, from kid's menu","SR Legacy","294","18.7","15.4","20.2"
"168074","CRACKER BARREL, country fried shrimp platter","SR Legacy","287","12.6","16.8","21.4"
"168075","CRACKER BARREL, farm raised catfish platter","SR Legacy","266","22.9","17","5.31"
"168076","DENNY'S, mozzarella cheese sticks","SR Legacy","324","13.6","17.9","27.2"
"168077","DENNY'S, golden fried shrimp","SR Legacy","319","13.9","20","20.9"
"168078","DENNY'S, macaroni & cheese, from kid's menu","SR Legacy","150","5.19","4.92","21.2"
"168079","DENNY'S, chicken nuggets, star shaped, from kid's menu","SR Legacy","377","16.3","28.6","13.6"
"168080","Restaurant, Chinese, shrimp and vegetables","SR Legacy","78","5.9","4.05","4.52"
"168081","Restaurant, Chinese, sweet and sour chicken","SR Legacy","250","10.1","12.6","23.9"
"168082","Restaurant, Chinese, sweet and sour pork","SR Legacy","270","8.91","15.7","23.3"
"168083","Restaurant, Chinese, chicken chow mein","SR Legacy","85","6.76","2.8","8.29"
"168084","Restaurant, Chinese, vegetable chow mein, without meat or noodles","SR Legacy","43","1.34","1.68","5.74"
"168085","OLIVE GARDEN, spaghetti with meat sauce","SR Legacy","121","5.8","3.28","17.2"
"168086","CARRABBA'S ITALIAN GRILL, spaghetti with meat sauce","SR Legacy","122","5.87","3.92","15.7"
"168087","Restaurant, Chinese, sesame chicken","SR Legacy","293","14.3","14.2","26.9"
"168088","Syrups, grenadine","SR Legacy","268","0","0","66.9"
"168089","Imitation cheese, american or cheddar, low cholesterol","SR Legacy","390","25","32","1"
"168090","Babyfood, banana juice with low fat yogurt","SR Legacy","86","2.5","0.8","17.5"
"168091","Babyfood, mixed fruit juice with low fat yogurt","SR Legacy","74","2.4","0.8","14.7"
"168092","Ham, turkey, sliced, extra lean, prepackaged or deli","SR Legacy","134","19.6","5.8","0.93"
"168093","Salad dressing, peppercorn dressing, commercial, regular","SR Legacy","564","1.2","61.4","3.5"
"168094","Mayonnaise, reduced-calorie or diet, cholesterol-free","SR Legacy","333","0.9","33.3","6.7"
"168095","Granola bar, soft, milk chocolate coated, peanut butter","SR Legacy","536","9.6","31.2","54.1"
"168096","Salad dressing, italian dressing, reduced calorie","SR Legacy","200","0.3","20","6.7"
"168097","Cream substitute, liquid, light","SR Legacy","71","0.8","3.5","9.1"
"168098","Cheese, monterey, low fat","SR Legacy","313","28.2","21.6","0.7"
"168099","Creamy dressing, made with sour cream and/or buttermilk and oil, reduced calorie, fat-free","SR Legacy","107","1.4","2.7","20"
"168100","Creamy dressing, made with sour cream and/or buttermilk and oil, reduced calorie, cholesterol-free","SR Legacy","140","1","8","16"
"168101","Bologna, beef, low fat","SR Legacy","204","11.8","14.8","5.2"
"168102","Candies, MARS SNACKFOOD US, TWIX chocolate fudge cookie bars","SR Legacy","553","7.3","33.3","56"
"168103","Frozen yogurts, chocolate, nonfat milk, sweetened without sugar","SR Legacy","107","4.4","0.8","19.7"
"168104","Frozen yogurts, chocolate","SR Legacy","131","3","3.6","21.6"
"168105","Frozen yogurts, flavors other than chocolate","SR Legacy","127","3","3.6","21.6"
"168106","Papad","SR Legacy","371","25.6","3.25","59.9"
"168107","Rice cake, cracker (include hain mini rice cakes)","SR Legacy","392","7.1","4.3","81.1"
"168108","Candies, MARS SNACKFOOD US, M&M's Almond Chocolate Candies","SR Legacy","522","7.53","27.8","60.5"
"168109","Salad Dressing, coleslaw, reduced fat","SR Legacy","329","0","20","40"
"168110","Pork, cured, ham, low sodium, lean and fat, cooked","SR Legacy","172","22.3","8.3","0.3"
"168111","Pork, cured, ham, boneless, low sodium, extra lean (approximately 5% fat), roasted","SR Legacy","145","20.9","5.5","1.5"
"168112","Salad dressing, mayonnaise and mayonnaise-type, low calorie","SR Legacy","263","0.9","19","23.9"
"168113","Frozen novelties, juice type, orange","SR Legacy","95","0.5","0","23.2"
"168114","Cheese, cottage, lowfat, 1% milkfat, no sodium added","SR Legacy","72","12.4","1","2.7"
"168115","Mayonnaise, low sodium, low calorie or diet","SR Legacy","231","0.3","19.2","16"
"168116","Snacks, tortilla chips, unsalted, white corn","SR Legacy","503","7.79","23.4","65.3"
"168117","Cranberry juice, unsweetened","SR Legacy","46","0.39","0.13","12.2"
"168118","Beef, bologna, reduced sodium","SR Legacy","310","11.7","28.4","2"
"168119","Turnip greens, canned, no salt added","SR Legacy","19","1.36","0.3","2.81"
"168120","Turkey, light or dark meat, smoked, cooked, with skin, bone removed","SR Legacy","208","28.1","9.7","0"
"168121","Cheese, pasteurized process, cheddar or American, low sodium","SR Legacy","376","22.2","31.2","1.6"
"168122","Beverages, coffee, instant, with whitener, reduced calorie","SR Legacy","509","1.96","29.1","59.9"
"168123","Beverages, cranberry-apple juice drink, low calorie, with vitamin C added","SR Legacy","19","0.1","0","4.7"
"168124","Cheese, swiss, low sodium","SR Legacy","374","28.4","27.4","3.4"
"168125","Babyfood, dinner, macaroni, beef and tomato sauce, toddler","SR Legacy","82","4.34","1.9","11.5"
"168126","Rolls, pumpernickel","SR Legacy","276","10.8","2.8","51.9"
"168127","Snacks, corn-based, extruded, chips, unsalted","SR Legacy","557","6.6","33.4","57.4"
"168128","Beans, baked, canned, no salt added","SR Legacy","105","4.8","0.4","20.5"
"168129","Jellyfish, dried, salted","SR Legacy","36","5.5","1.4","0"
"168130","Frozen novelties, ice cream type, chocolate or caramel covered, with nuts","SR Legacy","323","4.4","20.2","30.9"
"168131","Frankfurter, low sodium","SR Legacy","312","12","28.5","1.8"
"168132","Frozen novelties, ice type, pop, with low calorie sweetener","SR Legacy","24","0","0","5.92"
"168133","Babyfood, dessert, peach yogurt","SR Legacy","77","0.9","0.18","17.6"
"168134","Babyfood, dessert, blueberry yogurt, strained","SR Legacy","77","0.5","0.7","17"
"168135","Babyfood, dessert, banana yogurt, strained","SR Legacy","78","1.1","0.52","17.4"
"168136","Ice creams, chocolate, rich","SR Legacy","251","4.72","17","19.8"
"168137","Snacks, tortilla chips, light (baked with less oil)","SR Legacy","465","8.7","15.2","73.4"
"168138","Cereals ready-to-eat, POST, HONEY BUNCHES OF OATS, honey roasted","SR Legacy","401","7.12","5.46","81.2"
"168139","Popcorn, microwave, low fat and sodium","SR Legacy","429","12.6","9.5","73.4"
"168140","Babyfood, fruit supreme dessert","SR Legacy","73","0.5","0.2","17.2"
"168141","Cheese, swiss, low fat","SR Legacy","179","28.4","5.1","3.4"
"168142","Sweeteners, tabletop, fructose, liquid","SR Legacy","279","0","0","76.1"
"168143","Puddings, chocolate flavor, low calorie, instant, dry mix","SR Legacy","356","5.3","2.4","78.2"
"168144","Babyfood, grape juice, no sugar, canned","SR Legacy","62","0","0","15.4"
"168145","Jellies, reduced sugar, home preserved","SR Legacy","179","0.3","0.03","46.1"
"168146","Puddings, all flavors except chocolate, low calorie, instant, dry mix","SR Legacy","350","0.81","0.9","84.7"
"168147","Vital wheat gluten","SR Legacy","370","75.2","1.85","13.8"
